p_mean,p_std,p_slope,i_mean,i_std,i_slope,rpm_mean,rpm_std,rpm_slope,target_rul
2.074507122951685,0.14585207096486447,0.004238442690503462,10.60921194256321,0.1882923312638332,6.345217220327776e-05,8263.168512620296,23.837173645764544,-0.7042115789024281,182.7128002179298
1.9725041528008196,0.14275079646852254,0.0027140130385024394,9.335528238271333,0.12215746971888618,-0.0009130156631823782,8159.486755186623,22.243505570539394,-1.3620361132818164,171.42587645130675
2.3038809287836113,0.15667208913666444,0.002346044384784157,9.631781397783524,0.1895875864628165,0.0021159592664024896,8153.960256903108,23.22302790685441,-0.9009580348782075,175.51632116699997
2.0357944283336575,0.2257364127621589,0.0024451189183271375,9.879436636821001,0.2663373296387729,-0.002874971238539551,8208.354543800191,12.218456103290197,-1.9922790733476456,176.4464910532952
2.2788372138900677,0.18203180473822012,0.002438565310747873,10.2829198663021,0.1596873458597799,-0.0005348390184527841,8181.574449161609,27.974686761346682,0.5154274343526921,165.1343790551191
2.2586966290226647,0.17206097696566178,0.00013639840183155092,10.748872196208616,0.29356678284748666,0.006405792745372358,8166.431299071094,21.815282658559056,0.49689514710534594,177.31470042552777
2.180224704659341,0.184766365153867,-0.0015064647859965282,10.126559367174455,0.2910464591869368,0.008441766836972366,8197.119595136786,29.05127793483827,0.5424540375714513,167.69877097487355
2.3483269878850854,0.24319992052339084,0.004350281569156125,11.33173981526678,0.1278362742072775,0.0066405511939714845,8203.481882729528,23.21084560061184,0.13764116480325345,159.47392013287788
2.303183670605886,0.2144948897503944,0.012423083669085733,10.599414601766172,0.22680221061164313,0.001682047455913955,8236.616084708083,27.021906808802623,-0.7946403056505582,170.46549682943234
2.392712892906408,0.23956355139665894,0.002027549656663658,10.776498166570978,0.25602484444423246,-0.0018288497084948613,8211.844811082583,27.355696528966675,0.007670184963691335,165.21361895497301
2.207862455919329,0.20460753107334176,0.004328444224088842,10.68749245365589,0.2759693278620777,0.00597754796507328,8275.447436048422,27.59557813978945,0.3863255860841466,164.5017200010011
2.1743691916547236,0.22315416356845624,0.00684736953710009,12.094540542473105,0.28281892655085983,0.005903668360931089,8198.61152921179,21.551567795095618,1.7142342217725308,167.121009701249
2.622856472728726,0.20339064526372086,0.014064391722747722,10.649343608496533,0.33018319082446734,0.013795435948618064,8160.3785469947725,25.235738242742443,0.14947704763146183,159.33136122521734
2.313618972735038,0.2394518472273741,0.0022431032801089705,11.500361342001973,0.26327248576730145,0.011569485519229821,8168.669868306551,27.129188217290952,1.2202758260545046,154.18181287161173
2.622354284308267,0.28333192968729637,2.14073566056263e-05,11.485618249295275,0.3306411985359506,0.008833173840050418,8150.521971564876,22.809481640460973,0.7829123484253464,160.30845277793063
2.6678260283922177,0.26123378241936307,0.005162901602191578,11.605506520881208,0.3407040438330013,0.003184611134617218,8274.63098044579,32.45319821800432,-1.786955245803973,160.59369241291705
2.526066657028927,0.28117556332235755,0.014860204785793325,11.285172450810576,0.3826225879748212,0.008029274968250195,8232.88240639978,40.24026743427814,-0.36808217400430576,152.02963850594364
2.580858549841886,0.23981140573675114,0.00918592002435805,11.85074650421237,0.35669168282364383,0.01002301871042981,8200.520075675116,38.69624181435801,-0.3969852498569341,167.8865601186624
2.8501526231731544,0.24529367666885604,0.004721167761795277,12.008115016517444,0.3400873649353881,0.009906422144435595,8218.929504982942,31.73669577285009,-1.2701905771026074,145.19887312026813
2.7313420849210392,0.303423056266679,0.011650300653424126,11.417670875069827,0.3683229118387776,0.008927824140764087,8164.645702551955,33.54173477342511,0.08731307766899984,145.54565271252756
2.894004238506024,0.30127731730365204,0.016499289829321764,12.438327543503037,0.2991837584929018,0.003971388915969761,8220.601410688347,36.01430790582155,0.7725715294590718,169.01155661293745
2.9679865177804454,0.3252434397936533,0.016358244111583656,12.378203559345849,0.3607071260032768,0.011094700411384835,8169.086991418497,32.933554025123485,-0.7280453217436552,148.64466481457865
3.2715685329001865,0.24188120388611312,0.015523737926662484,11.573401046482122,0.3612773562903603,0.012750760371062743,8202.571200763818,29.401192076740028,-1.0729555638899524,150.12067782030363
2.856831559864278,0.31111560642695507,0.012824497854981253,12.058687592050111,0.500474515390636,0.011266768526246836,8118.994296533696,36.39445644779672,-0.992679697152582,149.47225070759455
2.8895252505796325,0.3079024445711191,0.01562577673103674,12.76647014489494,0.34166585191611876,0.00772922194739251,8181.002187553562,32.86780761864404,2.6481813604216455,145.72238754640142
2.86128757491697,0.3456030853023996,0.02421582300186989,12.933994507581803,0.33411553531574467,0.007466425053072809,8250.676445967465,33.26837536098172,0.6657291422193427,146.05804421672653
2.9533974040532036,0.3230041552845326,-0.0020970930028663716,12.212093682962083,0.4058589873883252,0.00474836307045993,8265.296452157265,30.328284706835493,-0.6600667300454757,141.3259717939935
3.3506447748725225,0.28843674050663365,0.020429264138926057,12.726782300038089,0.3778153237501235,0.011924044149153922,8207.96238782294,35.15017611840771,0.10470312748502837,137.23309588123743
3.1934981900229817,0.35809921435327846,0.02304773113955029,12.328403212233967,0.5419457863798722,0.0026034135077923452,8193.928596198577,41.76511544418759,0.42148780160254895,134.53356122442642
3.187269057404392,0.3301679551535123,0.012675024954774742,13.26421058670757,0.461548253289849,0.00797626077862125,8235.98399501733,41.03229592371078,1.2192931782584402,139.28259799113067
3.1361549500423616,0.33487524106299843,0.019862518445784377,13.269358190206999,0.4510557606379271,0.011553343146680505,8251.106595831538,37.21021028271161,0.8206460717550569,133.61088547732632
3.2698688279192782,0.39136666690415356,0.020757333845780487,13.451454274568322,0.5257781420383888,0.011504183433757928,8227.278118851798,39.289002351486495,0.48624952873266314,132.45852842564057
3.359087209874958,0.3829807611832755,0.013043350365345242,14.063845666576704,0.418606693950225,0.006899548069857474,8246.324434940003,45.47091851183148,0.9361797255782327,134.73836620178358
3.3847176059217023,0.34493110835122337,0.018017678253153507,13.05686640783213,0.5260669110406355,0.011504207448781362,8166.9801121283,40.577944741314866,0.6193971814134365,127.26541084942549
3.3052383692364637,0.38588204491618594,0.019367689998400755,13.225794158422977,0.46216237043336955,0.013356771178001972,8142.076626340107,35.81982398526008,-1.0776663318786541,127.50419281286935
3.5172243701338184,0.4295548041555454,0.02293535693953951,13.465436352720511,0.4931668366636891,0.008754588423801706,8199.259474560304,42.08611857010519,0.4840778405071342,122.92266881165014
3.5905070191529824,0.4379989741127664,0.018607459761917394,13.790936789679913,0.5370282079889169,0.011495958448591108,8208.963699272417,44.26464267617788,0.14651414782324756,121.68116956811762
3.558298374878337,0.41367944453568284,0.02691118022384916,14.114800767408873,0.618583492623477,0.01036758453836377,8234.892825468827,45.79065960852369,3.2847043998265084,119.99212201860239
3.470680379135068,0.3874804055106289,0.009540185243997181,13.62163076443694,0.481371098014752,0.014374684389602307,8213.670239031086,54.927072683474385,1.4256357572790754,119.63649012504933
3.50389326148262,0.42694244909477497,0.014062699511115277,14.66535661558544,0.5867030984730391,0.012232541089060172,8131.474618836365,52.987849265785044,-0.17180976787892682,127.19748492121185
3.4415081200884083,0.400926312336597,0.021194285725481675,14.052405682884048,0.5136311802075505,0.0169367778806505,8157.295182824696,46.17885887741455,0.1804434475678483,122.06799248962147
3.8294313073435857,0.3918909893457043,0.014001698053884914,14.645524510272008,0.56115351572503,0.011787566458815802,8262.046079020902,48.14139838154833,1.7689457760957397,118.32078568436148
4.073818071085239,0.4850131664497667,0.020931649845839926,14.6239224980288,0.5852099739498456,0.020592173288952926,8161.403061576796,51.66555141763926,1.5876367302743817,107.67689080317854
3.629233912175764,0.3778986649192978,0.021333638096684773,14.623151356099896,0.6364623904199275,0.01575016063428414,8265.144621822852,42.007055734135626,-2.555073659032732,114.68024469879421
3.9063493131392155,0.44481747688490825,0.01284766344938045,14.401326774110851,0.5045244241344212,0.01846860616170671,8214.663929843873,44.88043300113633,-0.7708003760050404,108.14931054181574
3.8813544379300327,0.48117527801839854,0.018760445398574382,14.739433732257558,0.5516383795855796,0.01295455909111869,8195.718785601817,45.07588922823926,-0.8304739580207731,105.94338364629945
4.227481879181156,0.46030160403814346,0.020694649770961443,14.724247426478565,0.580938219364198,0.015578306475816688,8224.566668001737,54.71190829813569,-0.7957517214157912,107.5410768640035
3.9335321613936403,0.39690875161255434,0.017121523680603875,15.286245505297138,0.6772063688683415,0.015802175169505578,8223.062278522231,53.15288942817987,4.618321212682856,114.50543758238298
3.9976190839669608,0.4440228624122393,0.017169449070981044,14.921721588800672,0.5655438072736,0.01144543894312191,8174.137084630299,46.86116754495323,2.530712452608847,111.80315676794054
4.057627633214272,0.5238100888725831,0.026092723891179267,14.59666279005693,0.6879209097458359,0.019626228410032753,8158.510153826942,51.98948308017019,-1.3134273800771359,98.9683542863548
4.2397669682642,0.5434169529956165,0.01921724616451774,15.267204501398917,0.5876359387707994,0.015858221154016847,8176.304243030445,49.29349152975218,0.07278244191724048,100.21499731710446
4.183425666724118,0.49134999957366876,0.02551954547995366,14.779831678040503,0.5997328620430119,0.021164422046160168,8220.036687504975,49.39793806172153,0.1489984581438388,106.61407847400179
3.9344631574116264,0.5158806377041711,0.02390536860022875,15.47193694642886,0.5988118320888405,0.011259463193980579,8134.898302484674,55.198407926584224,0.3895837525822228,96.822954689604
4.322679625119127,0.45645691914033465,0.02739229008239367,14.860131335221068,0.6127863458703963,0.019004720735685824,8165.583465388642,53.70747437969121,1.5094392138216608,96.9474734254935
4.394261379834981,0.47913400444430515,0.030875911645878936,16.022005599523666,0.5301992875986775,0.015963679482319772,8223.082885087222,55.287294078188395,0.5567188100569632,95.29940179751334
4.323912837868835,0.5150775820979016,0.03457000274527383,15.647986824715444,0.67906500705334,0.017839887093493326,8180.4957510371005,54.81199897686829,0.5916782135674452,94.70180028497431
4.396407405005051,0.5887326121946573,0.03359091763480552,15.516649410662275,0.7306489314023149,0.018191227919678504,8118.475018592886,52.60662726894239,-2.8061878815387837,93.53655022685228
4.39772074007171,0.5834863966791828,0.03137413266714014,15.66025894814032,0.7204618756978299,0.011315122629514679,8209.424582324342,62.17365370052727,-2.217879368669762,99.50028282107664
4.487749251040129,0.5274573289695306,0.03340760680952302,16.757016638920078,0.6964882707361181,0.021488680664529077,8181.62556401839,54.7423747913315,1.2455037248163685,87.98848843348087
4.489726532221565,0.5323089320592315,0.03314279828839583,16.083044674047553,0.747675316540626,0.018791867177690255,8189.205002588265,54.77004696730695,-0.6664398901141674,92.64280498623265
4.634556695858147,0.5256963848124864,0.035600130440864436,16.592675311589208,0.7248734258334539,0.02867525047712302,8169.048432035857,54.112860937224426,-2.668080373356418,96.72391903643752
4.661180058537142,0.5584164934861318,0.0331561456526075,15.70106488528233,0.8348926409976479,0.022021086408573178,8204.375791784196,64.637236480838,0.7215138476050699,88.85051255837045
4.486470848489925,0.5809507734031556,0.04167062668405584,16.790268858798125,0.8006677346933145,0.019795473428729043,8160.415807189656,61.051737668409324,0.0835873684330419,91.68944498731271
4.393189129072188,0.6194159213485244,0.03197466638945799,16.18218874849162,0.678806545942874,0.015557043900772217,8232.926823358477,62.71953101241261,-1.9349413496115808,78.2304884926231
4.638707925358581,0.630322746599018,0.03197095080620719,15.852524331357799,0.725527972846123,0.021421710763026125,8092.124534282337,62.75373575144455,-0.34640179531301696,86.67430913499146
5.008435851216591,0.6207717408023992,0.03242866579092332,16.112011485242824,0.874886477557451,0.02308561323185627,8200.557171676517,63.576853556046615,0.2971271411517824,80.95887020928785
4.687059942665443,0.5772917107543849,0.03411354457328976,16.438092276420445,0.7189795596056375,0.02361059486034742,8189.800911303166,71.88971284207311,-3.976454712589518,85.62560148650306
5.002038829294812,0.5382184610949824,0.033068074634640274,16.607726174610086,0.6926496253481425,0.020409741652997845,8155.5769661813665,73.8033690238408,1.4035175897211918,85.01323765984475
4.965393666749342,0.5732713040063402,0.03266311295431541,17.052892681634024,0.710322180983974,0.026709136577832412,8190.386984073674,63.84018167653772,1.0664399523052372,79.36417370028735
4.845014738992685,0.6486454403194148,0.030384599328387073,17.204357436055016,0.8094869956715286,0.02295509155366841,8213.045320889685,60.13098673992223,1.3860405288103514,74.70574141862538
4.86276801751038,0.6520585120692244,0.03277239919434503,16.495439010866342,0.7104038354414519,0.02695345157008844,8148.782825900149,75.8327944393336,-3.122894111825583,82.59992890027371
5.014845897391317,0.6244095310136362,0.03407372389368634,17.319318311287045,0.7947569203409425,0.029278753746553483,8204.56910594648,68.48260124428418,-0.5454183183207838,72.32031389820138
5.0713803493674225,0.5827285616656793,0.030561593897874793,17.557809839289757,0.8135852887131199,0.024465747326858193,8200.737357322616,70.14126987134617,-0.8096395204640423,67.20091334777835
5.096603679020954,0.6114051191925575,0.03984798646764799,16.680311096119993,0.8649031600175426,0.027428205055702592,8210.241189372555,73.9890851718284,2.498211666693865,74.65168225786375
4.833112562779244,0.6090916825945676,0.035186831481269505,17.472621294033914,0.8477316905192545,0.022970974327218074,8207.470670579083,65.97098449789725,-0.9172767044879224,61.03392140651519
5.012775517285045,0.613651142503779,0.0339357597855335,17.98448192872717,0.7827821563987389,0.03673961229296301,8219.732716035236,71.34434868570125,-1.2875366702718203,70.05617124578445
5.106931636988703,0.66458466418726,0.052119750422436405,17.625441586328627,0.8961191284991576,0.023733512786891408,8198.600460380121,79.94644015296745,-0.940450586681651,74.10425959670735
5.34145690796538,0.6507730555467015,0.042985568107042314,18.153727662203632,0.8781493216402717,0.020601454061614646,8170.914512967005,70.52711270459542,-0.11165014365006942,66.63277225245926
5.303966074509736,0.6343094171378567,0.04222872034746679,18.109780516600924,0.8834517072705016,0.031541610297176476,8233.356886181957,74.73287518605815,-0.10524856718797054,53.71200205510912
5.383770463962325,0.6873230675896833,0.04218982695908611,17.455687124293725,0.8098127191980743,0.031767233262071114,8198.417793845734,76.51674718434211,0.04247756419569176,60.652982378151
5.502087108711526,0.6723337842038991,0.04181673833848643,17.882316775274287,0.8505440961914095,0.026654067808646452,8208.885350865348,71.38776949672464,1.8836341883602812,54.51856012755793
5.375330597913612,0.6813458833778253,0.04907522555622244,18.246689137495384,0.9322644958809947,0.022284649264154636,8210.68201063477,78.90193549072224,0.12342598391313628,62.80639347196541
5.367784883745449,0.7435409274072481,0.0538390284332223,18.123772138849347,0.8668005041820622,0.03437656311855484,8263.182885829228,72.51175028440173,-0.6302802256437858,54.557463510319316
5.285727381328051,0.680423634882785,0.037828035662037976,18.062628873118012,0.8957447472272995,0.02983601859401163,8262.020019712563,70.80654912403713,1.4764835977148756,53.383837291477505
5.521992208258017,0.7349504671179394,0.03773933106865909,18.623552133767735,0.9142049633518294,0.031205099173679657,8211.566745756312,88.74708893484859,-0.956609976376974,50.286191695579134
5.477957492464856,0.7047642578537638,0.04067020722061027,19.04703518387159,0.9853109266852071,0.02728844339643067,8166.705777075831,79.49993492478916,-0.8283345664214569,54.59323051734898
5.643883831278955,0.6826789370542848,0.05209887054446543,19.390619976801233,0.8920496411060328,0.028356756785466147,8211.434615628996,79.48741000035528,0.9878164090092456,59.96698908038637
5.628920100749841,0.7109250322436784,0.037968950078414755,18.48073722772071,0.9294360883311,0.037421928933062745,8179.2955480385535,79.60633471617767,-0.024634344109128112,54.34532771177824
6.076518855477682,0.7256705754678526,0.042922550686568556,19.29161393065956,0.9735903728006433,0.03796666123571724,8223.357127413039,77.36320341161093,0.8859822460384639,52.434274205435536
5.862568125498933,0.7635375486643113,0.051207323027777696,19.442508152144654,1.0170071092157418,0.0335108059369132,8193.315276787325,80.56550120527587,1.8097634497625352,41.29347290556802
5.836813601372952,0.743241852436902,0.04652187537517829,19.58701099714376,0.9658574744093985,0.03143784703296073,8145.605754360803,84.23546951080837,0.9682262717116131,54.68181983501469
5.777362676521755,0.7683392157122712,0.04812927135973024,19.807451900140684,0.9599411057335935,0.032704321397199004,8224.315860388662,82.10951620401708,-0.6696504218257924,43.32339114096213
6.026590980966361,0.7376919359756514,0.04805140299258313,18.99726259839408,1.0328615751437211,0.02583162212876406,8177.643126109137,83.73479887112093,2.3482860438515107,40.51158482908884
5.824283096206105,0.8316447961168312,0.04065068680043979,18.49862887785617,1.0035133275446835,0.03025228730427023,8159.150687314772,86.06279063985812,0.36570107065679824,36.50733793875334
5.757534172132139,0.808106492957648,0.051645963872986575,19.439321251126906,1.082247816188938,0.028316299590157572,8138.97899316301,79.73373696151815,-0.06837902453324671,39.03182329703363
5.955411229977012,0.799217124080303,0.04264146254291333,20.157337774402414,0.994211768811464,0.03740195643559621,8213.709013855108,86.14931231425632,0.8546509203483059,38.54106380848993
6.1300218593582825,0.8352527271644772,0.05038596719304517,19.96427377194297,1.002235904361269,0.0390293764248231,8172.944307917629,93.5425172906045,-0.060236925966515115,27.636040455796312
6.0948459143374585,0.7816692906118881,0.0541107807701537,19.520463013321063,0.992816878759429,0.0260468790930246,8181.907747230037,73.09068740046865,-2.375854235228585,37.07938420509124
6.235517082621154,0.8215872562653137,0.04557688399023629,19.86326839871968,1.0233492848101773,0.029307717713818068,8260.135932070685,90.26916439405483,-0.3314462607444959,31.899135077325603
6.190921286738352,0.7542941724346663,0.04968007947395164,19.710399578111804,0.9818517726144981,0.033152909752825935,8271.90746107398,89.75883615507455,-0.8567684846741952,33.115014747116916
6.411583987756808,0.8500079180504083,0.051718319916827765,19.82525890236315,1.0752473001344611,0.036187386919838256,8235.80772880111,90.40274976471237,1.5743290729790027,26.063319740516484
6.441306588836746,0.8349195847794275,0.06230067411102548,19.909198822344003,1.1355376859565818,0.035741222965783366,8173.943279855422,85.47973049359393,-0.4805209622914802,29.347720488312106
6.3641396089196105,0.8185032855961284,0.052306798467266505,21.14262242915903,1.1435200156478929,0.03703100896441042,8201.520139126727,89.17158520501988,0.920276959095625,20.600322888293697
6.289124611823474,0.7923794525735884,0.05492888872227009,20.645432997729834,1.0413868953724263,0.041917795792655935,8150.969373479907,81.9218230779425,0.3366777278399581,29.437172185329672
6.622337052878344,0.8353931359794781,0.058830378957072445,20.471991570182908,1.0653182148348916,0.039492622943224,8226.092915136536,82.03400560163338,2.2148105245888434,29.589532400989356
6.317930300655924,0.8677564589442988,0.05641132740200193,20.692504800447207,1.0548376834841995,0.03360762417530662,8198.977837160342,96.45188039041447,0.8154002318916485,19.323398927804767
6.569536319202294,0.7771487633979046,0.060189206653121025,19.993190118740863,1.072634255450852,0.03215157252233576,8148.212740971164,97.06463813857327,-0.7015518019678371,21.396384954872058
6.488760232495854,0.8836389559091308,0.05533368928723405,20.276719076711128,1.1489730048379032,0.0349913602219766,8137.73672405361,89.79219730441413,2.2511396859514665,22.40236921476914
6.485517305889241,0.8655726890385145,0.05384560625651813,21.721455495945346,1.1266597978216617,0.039022687597167635,8241.211338161274,93.79898781193928,-0.3885632187310547,15.656906216759984
6.569091743861,0.8816564421484023,0.05959613091146221,21.012374992978383,1.152598390415401,0.037315789141750544,8203.145407612643,83.2863075017092,1.3744915120537222,16.858492799658038
6.771550255974747,0.8026081369735171,0.06690405839785322,21.036601123527845,1.1797788887360354,0.03381516620746426,8224.510956202503,88.6825020160645,-0.9356534410437076,23.183602147485182
6.635263186103986,0.9027414735903497,0.06131672520806562,21.39155006611341,1.1402940545008762,0.039770768379612804,8296.136623409531,94.33375475432787,0.30164857007245127,17.35411231617251
6.871711242884874,0.9385520856373997,0.06066423934544004,20.83691568196663,1.22284804720329,0.03406167725145466,8212.10541860956,91.52273839696204,-0.09620751988948881,12.232047345635051
6.796102741981406,0.922321488173277,0.06604334626125963,21.576371703798866,1.1373720001682406,0.042839541950464355,8247.578819556986,89.82834747893689,0.8961001047747871,12.581493963655339
6.745281440882556,0.9576577590211974,0.05772871366147602,21.54602890071635,1.1493296020631176,0.03938164392141831,8156.148996524192,89.4384010492134,2.3917575948374585,3.3282184684923877
6.683223920690797,0.8585075402893676,0.05578838453886341,21.067402738099187,1.2484873126286673,0.043694730542244486,8172.473986192891,108.57310339646943,1.4726482304873914,4.426263250524112
6.499038722600896,0.9985602099508315,0.05253953262416521,21.03931949281388,1.2259184375668686,0.04975060626401256,8255.37091274042,100.80273887757272,0.892131512497929,8.804892919951962
7.029805675022636,0.9449903645678208,0.060512602158414835,21.773282076571284,1.1454950478675905,0.039205030784969876,8132.281727432184,98.16376405090018,-1.4828866607263762,0.0
6.984967315950333,0.9850373795147078,0.0650873813493393,21.270959422416276,1.1421152318269452,0.04442695029817135,8160.700504258468,98.20456534245186,0.8250781485368278,0.0
7.015806325921894,0.9099792351524539,0.05799316178024393,22.127912773657016,1.1203503133234165,0.0427618989518416,8199.214488042933,102.76244977208574,0.33587120109699214,6.820702149869221
